Make,Model,Year,Engine Size,Mileage,Fuel Type,Transmission,Cleaned Price,K-Means Cluster
Honda,Model B,2015,3.9,74176,Petrol,Manual,"$30,246.21",3
Ford,Model C,2014,1.7,94799,Electric,Automatic,"$22,785.75",1
BMW,Model B,2006,4.1,98385,Electric,Manual,"$25,760.29",2
Honda,Model B,2015,2.6,88919,Electric,Automatic,"$25,638.00",1
Honda,Model C,2004,3.4,138482,Petrol,Automatic,"$21,021.39",2
Ford,Model C,2015,2.7,81462,Electric,Manual,"$25,509.93",1
Audi,Model B,2000,1.3,179340,Diesel,Manual,"$12,268.21",2
Audi,Model C,2018,2,165320,Electric,Automatic,"$27,783.74",1
Honda,Model A,2004,4.4,31159,Electric,Automatic,"$27,392.18",2
Ford,Model C,2006,4.4,42039,Electric,Automatic,"$28,434.53",2
Audi,Model C,2018,2.1,47800,Electric,Automatic,"$29,404.95",1
Ford,Model B,2021,4.5,40761,Diesel,Manual,"$36,811.01",3
Ford,Model A,2004,4,94626,Petrol,Automatic,"$25,205.00",2
Honda,Model D,2016,3.1,118368,Diesel,Manual,"$27,796.08",3
Honda,Model D,2021,1.1,174735,Diesel,Manual,"$23,521.88",1
Toyota,Model E,2007,4.2,80903,Petrol,Manual,"$26,493.18",2
Audi,Model C,2000,3,171484,Electric,Automatic,"$16,626.38",2
Audi,Model C,2001,4,118998,Petrol,Automatic,"$21,122.19",2
Audi,Model A,2014,3.9,166439,Petrol,Manual,"$21,853.33",3
BMW,Model D,2019,3.9,136885,Diesel,Manual,"$34,716.98",3
Ford,Model E,2017,3.4,59894,Petrol,Manual,"$32,761.65",3
Honda,Model A,2010,2,51444,Electric,Manual,"$23,469.16",1
Audi,Model C,2009,2.2,165341,Diesel,Automatic,"$20,093.07",1
Toyota,Model D,2003,2.1,61748,Electric,Manual,"$18,920.32",2
Audi,Model E,2004,1.1,41190,Diesel,Automatic,"$20,152.10",2
Ford,Model B,2003,3,40318,Electric,Automatic,"$21,520.12",2
Ford,Model D,2012,3.4,168090,Petrol,Automatic,"$23,293.13",3
Honda,Model E,2012,4,124078,Petrol,Automatic,"$23,633.39",3
BMW,Model A,2017,1.5,39759,Petrol,Manual,"$29,288.90",1
Honda,Model B,2001,2.9,16498,Electric,Automatic,"$25,839.54",2
Audi,Model E,2015,1,25989,Diesel,Manual,"$25,546.59",1
Toyota,Model E,2000,1.3,156640,Diesel,Automatic,"$14,089.79",2
Honda,Model C,2018,1.2,117035,Diesel,Manual,"$22,788.32",1
BMW,Model D,2008,3.5,66577,Petrol,Manual,"$27,694.61",2
Honda,Model C,2002,1.3,105231,Electric,Manual,"$15,961.21",2
Ford,Model B,2006,3.5,161171,Diesel,Manual,"$22,519.39",2
Audi,Model E,2009,1.9,89900,Electric,Manual,"$19,181.82",1
Audi,Model C,2000,4.1,171711,Diesel,Automatic,"$16,604.50",2
Audi,Model D,2009,3.8,104679,Petrol,Manual,"$23,648.42",3
Audi,Model B,2020,4.4,23482,Electric,Automatic,"$37,032.61",3
Audi,Model A,2008,4.1,69212,Diesel,Manual,"$28,849.58",3
Audi,Model C,2014,4.3,186333,Diesel,Automatic,"$25,844.62",3
Toyota,Model B,2014,4,30048,Diesel,Automatic,"$31,479.65",3
BMW,Model A,2002,3.4,134137,Diesel,Automatic,"$14,502.98",2
Audi,Model C,2004,1.6,133108,Petrol,Manual,"$17,622.00",2
BMW,Model B,2008,2,35814,Diesel,Automatic,"$26,785.40",1
Audi,Model B,2021,1.7,190766,Diesel,Manual,"$28,722.72",1
Honda,Model C,2008,3.1,147996,Petrol,Manual,"$20,951.41",2
Audi,Model B,2006,2.8,129493,Diesel,Automatic,"$19,794.72",2
Ford,Model E,2011,4,60204,Electric,Automatic,"$30,130.31",3
Toyota,Model C,2008,4.3,32844,Electric,Manual,"$29,445.48",3
Honda,Model B,2005,2.4,81943,Diesel,Manual,"$24,753.60",2
Honda,Model A,2001,2.8,21518,Petrol,Manual,"$22,407.72",2
Ford,Model A,2008,4.4,148131,Petrol,Manual,"$23,895.75",3
Audi,Model E,2016,2,23052,Petrol,Manual,"$31,599.83",1
Toyota,Model C,2000,3.8,69803,Diesel,Manual,"$23,726.58",2
Honda,Model B,2018,1.8,71524,Diesel,Automatic,"$30,346.22",1
Toyota,Model B,2005,3.4,89572,Electric,Manual,"$22,948.27",2
Honda,Model A,2004,1.9,139752,Petrol,Manual,"$20,338.97",2
Audi,Model E,2001,4.1,67021,Diesel,Automatic,"$21,021.27",2
Honda,Model A,2008,3,20043,Diesel,Automatic,"$24,750.24",2
Honda,Model A,2013,1.7,2419,Diesel,Automatic,"$31,337.13",1
BMW,Model E,2003,1.8,187964,Petrol,Manual,"$14,716.50",2
Audi,Model C,2003,2.7,121831,Petrol,Automatic,"$21,650.08",2
Ford,Model B,2020,4.4,101799,Electric,Automatic,"$32,908.99",3
Ford,Model C,2014,3.7,148212,Petrol,Manual,"$25,975.32",3
Audi,Model D,2007,2.7,174556,Diesel,Manual,"$16,516.16",2
Ford,Model D,2003,2.2,194941,Electric,Manual,"$15,099.27",2
Audi,Model D,2015,2.9,176282,Petrol,Manual,"$26,209.11",3
Ford,Model E,2020,3.6,57600,Petrol,Automatic,"$33,433.34",3
BMW,Model A,2003,3.7,116467,Petrol,Manual,"$23,440.81",2
Ford,Model C,2015,2.1,78497,Petrol,Automatic,"$28,083.90",1
Honda,Model B,2021,3.5,108611,Diesel,Manual,"$29,044.03",3
Audi,Model D,2011,3.3,137559,Petrol,Automatic,"$25,936.31",3
Toyota,Model C,2015,4.4,60692,Diesel,Manual,"$31,637.94",3
Toyota,Model D,2018,4.3,62112,Diesel,Manual,"$32,975.10",3
Audi,Model D,2007,3.8,162182,Diesel,Manual,"$26,186.29",2
BMW,Model B,2005,3.5,16360,Electric,Automatic,"$28,876.61",2
Ford,Model E,2009,2,180482,Diesel,Automatic,"$17,198.90",1
BMW,Model A,2004,4,83038,Petrol,Automatic,"$24,977.18",2
Toyota,Model E,2017,2.5,3017,Electric,Manual,"$32,422.39",1
Audi,Model C,2009,2,86261,Petrol,Automatic,"$26,559.14",1
Audi,Model E,2009,2.3,191196,Diesel,Manual,"$18,619.12",1
BMW,Model C,2006,3.9,182021,Petrol,Manual,"$25,114.95",2
BMW,Model C,2017,1.5,189340,Electric,Manual,"$18,439.53",1
Ford,Model A,2000,2.6,66320,Electric,Automatic,"$20,819.29",2
Honda,Model B,2006,2.7,31127,Petrol,Manual,"$24,317.94",2
Honda,Model A,2020,1.1,134268,Petrol,Automatic,"$23,496.94",1
Ford,Model E,2000,1.7,75088,Petrol,Manual,"$17,699.36",2
Honda,Model C,2014,3.9,172372,Electric,Manual,"$23,758.79",3
Toyota,Model D,2003,3.9,180786,Diesel,Manual,"$22,721.04",2
Honda,Model D,2019,2,31921,Petrol,Automatic,"$33,749.07",1
Ford,Model C,2009,4.1,4746,Diesel,Automatic,"$32,267.99",3
Honda,Model A,2008,3.7,68535,Electric,Manual,"$26,024.55",2
Audi,Model B,2001,2.5,65350,Petrol,Automatic,"$19,866.03",2
BMW,Model A,2013,3.6,181417,Petrol,Automatic,"$25,112.77",3
Toyota,Model C,2015,4.4,180292,Electric,Manual,"$26,885.70",3
Audi,Model C,2000,2.6,81131,Petrol,Manual,"$19,853.80",2
Audi,Model B,2001,1.8,22063,Diesel,Automatic,"$23,079.24",2
Ford,Model E,2006,4.3,117116,Electric,Manual,"$26,526.34",2
BMW,Model E,2009,3.1,88913,Electric,Manual,"$24,946.27",2
BMW,Model B,2021,1.4,78946,Petrol,Automatic,"$26,778.05",1
Toyota,Model E,2019,3,177043,Electric,Automatic,"$23,005.62",3
Ford,Model D,2000,2.8,134670,Petrol,Manual,"$18,367.76",2
Toyota,Model E,2012,4,10564,Petrol,Automatic,"$36,806.29",3
Honda,Model E,2000,2.9,49725,Electric,Automatic,"$20,092.42",2
Audi,Model E,2004,1.9,86134,Petrol,Manual,"$22,692.24",2
Toyota,Model D,2015,3.4,105940,Diesel,Manual,"$26,651.89",3
Audi,Model E,2014,2.9,191012,Diesel,Manual,"$21,301.34",3
Ford,Model D,2016,1.8,62085,Petrol,Manual,"$29,325.60",1
Honda,Model B,2015,3,17862,Diesel,Automatic,"$31,096.38",3
Ford,Model A,2012,3.9,10265,Petrol,Automatic,"$32,783.27",3
Honda,Model B,2010,1.1,140777,Diesel,Manual,"$19,619.34",1
Honda,Model A,2016,3.2,186351,Electric,Manual,"$22,734.55",3
Audi,Model B,2016,2.2,62471,Petrol,Manual,"$30,066.65",1
Ford,Model A,2001,2,91080,Petrol,Manual,"$18,822.84",2
Ford,Model A,2012,2.4,194051,Petrol,Automatic,"$17,320.43",1
Toyota,Model C,2013,2.2,55828,Petrol,Automatic,"$25,323.63",1
Ford,Model A,2010,3.9,116884,Petrol,Manual,"$19,722.49",3
Toyota,Model A,2009,2,108007,Petrol,Manual,"$22,203.63",1
BMW,Model C,2002,3.6,46104,Electric,Automatic,"$27,502.93",2
BMW,Model E,2016,1.3,40934,Electric,Automatic,"$25,459.00",1
BMW,Model E,2014,4.3,114420,Diesel,Automatic,"$30,050.08",3
Ford,Model C,2008,3.2,6050,Petrol,Automatic,"$29,958.63",2
Ford,Model D,2009,3.5,175024,Diesel,Manual,"$20,245.04",3
Toyota,Model A,2007,2,8484,Diesel,Automatic,"$29,148.87",2
Honda,Model A,2020,2.4,62648,Electric,Automatic,"$30,122.28",1
Toyota,Model C,2012,1.8,59945,Diesel,Automatic,"$29,623.29",1
BMW,Model C,2017,4.3,184750,Electric,Manual,"$23,591.14",3
Toyota,Model D,2004,2.7,31323,Diesel,Manual,"$24,295.58",2
Honda,Model E,2005,3.2,86332,Petrol,Automatic,"$23,282.90",2
Ford,Model B,2016,3.6,94605,Diesel,Automatic,"$29,388.52",3
Toyota,Model E,2010,2.3,166433,Electric,Manual,"$21,711.01",1
BMW,Model A,2019,3.5,10315,Electric,Manual,"$41,780.50",3
BMW,Model C,2015,3.4,47968,Electric,Automatic,"$31,811.73",3
Ford,Model D,2008,3.5,157591,Diesel,Manual,"$22,168.93",2
Toyota,Model E,2001,2.7,9107,Diesel,Automatic,"$22,252.25",2
Honda,Model D,2004,2.3,55781,Electric,Manual,"$19,030.74",2
Ford,Model E,2000,1.8,3869,Petrol,Automatic,"$24,747.07",2
Toyota,Model A,2003,3.9,80983,Petrol,Automatic,"$23,157.28",2
Audi,Model B,2003,3.1,158442,Diesel,Manual,"$23,986.22",2
BMW,Model D,2021,2.6,193767,Diesel,Automatic,"$26,748.07",3
Honda,Model D,2002,4.3,191494,Electric,Manual,"$19,708.42",2
Honda,Model B,2008,1.2,7971,Diesel,Manual,"$25,789.71",1
Honda,Model D,2021,4,96805,Diesel,Manual,"$33,467.70",3
BMW,Model D,2011,4.5,25651,Electric,Automatic,"$30,828.32",3
Toyota,Model E,2009,4.1,56974,Electric,Automatic,"$25,348.29",3
Ford,Model E,2001,3.8,23446,Diesel,Automatic,"$24,826.33",2
Toyota,Model B,2010,2.3,169180,Petrol,Manual,"$20,104.29",1
Ford,Model A,2009,1.8,3823,Diesel,Automatic,"$25,613.22",1
Honda,Model D,2021,3.6,144526,Petrol,Automatic,"$26,901.53",3
Toyota,Model A,2005,2.1,135004,Petrol,Automatic,"$17,453.38",2
Honda,Model B,2017,1.6,141292,Petrol,Automatic,"$25,706.86",1
Audi,Model B,2001,3.8,67965,Electric,Manual,"$25,198.14",2
Honda,Model E,2001,2.1,159280,Electric,Automatic,"$16,078.82",2
Honda,Model D,2009,4.2,10510,Electric,Manual,"$32,548.70",3
Ford,Model C,2015,3.9,175117,Diesel,Manual,"$23,280.28",3
Audi,Model B,2011,4,141609,Electric,Manual,"$23,828.70",3
Honda,Model D,2000,3.7,105935,Electric,Manual,"$21,725.28",2
Honda,Model A,2020,4.1,69134,Diesel,Automatic,"$31,734.28",3
Audi,Model E,2007,3.8,72254,Diesel,Automatic,"$26,704.10",2
Audi,Model A,2015,3.1,144854,Petrol,Automatic,"$22,932.25",3
Toyota,Model B,2017,2,114780,Diesel,Manual,"$22,461.77",1
Ford,Model B,2012,4.1,125544,Diesel,Automatic,"$28,394.96",3
Audi,Model A,2014,3.9,65587,Electric,Manual,"$32,574.74",3
Audi,Model B,2020,2.7,82238,Petrol,Automatic,"$29,026.46",1
BMW,Model D,2011,1.1,75720,Petrol,Automatic,"$19,873.07",1
Audi,Model B,2007,3.2,78004,Diesel,Automatic,"$20,583.06",2
Ford,Model E,2009,1.2,22072,Electric,Manual,"$28,480.40",1
Honda,Model D,2013,4.2,81015,Electric,Automatic,"$30,072.03",3
Honda,Model C,2004,4.4,72746,Electric,Manual,"$24,946.71",2
Honda,Model B,2017,1.7,176774,Electric,Manual,"$21,333.48",1
Honda,Model B,2018,3.4,102260,Diesel,Manual,"$25,860.34",3
BMW,Model E,2014,1.3,137129,Electric,Automatic,"$22,983.35",1
Audi,Model E,2005,3.6,128259,Petrol,Automatic,"$26,287.27",2
Honda,Model A,2010,2.2,30916,Petrol,Manual,"$25,288.69",1
Toyota,Model A,2020,3.4,27268,Diesel,Manual,"$39,203.51",3
Honda,Model A,2010,2.3,175050,Electric,Manual,"$19,614.69",1
Audi,Model E,2019,1.5,23259,Electric,Manual,"$33,670.56",1
Honda,Model A,2019,2.4,184655,Electric,Manual,"$24,681.69",1
BMW,Model A,2020,1.4,79400,Electric,Automatic,"$28,442.26",1
Ford,Model C,2017,3,34293,Diesel,Automatic,"$35,473.20",3
Ford,Model A,2017,1.1,111581,Electric,Automatic,"$25,686.36",1
Audi,Model B,2009,2.8,7043,Diesel,Manual,"$29,497.55",2
Ford,Model E,2001,4.1,181502,Electric,Manual,"$14,742.23",2
Ford,Model D,2008,3.9,107009,Electric,Automatic,"$22,435.13",3
Toyota,Model C,2013,4.1,38893,Petrol,Automatic,"$32,672.46",3
Audi,Model E,2018,4.2,171714,Diesel,Manual,"$30,749.87",3
Audi,Model E,2009,1.4,161940,Petrol,Manual,"$18,459.90",1
Ford,Model B,2003,1.5,26309,Diesel,Manual,"$21,001.94",2
Ford,Model A,2005,2.9,23284,Electric,Automatic,"$22,457.46",2
Ford,Model B,2013,4.1,126801,Electric,Manual,"$25,792.78",3
BMW,Model A,2003,4.4,113259,Diesel,Manual,"$23,899.01",2
Honda,Model A,2014,1.2,100804,Petrol,Manual,"$21,646.89",1
BMW,Model E,2015,2.2,69000,Diesel,Automatic,"$25,521.11",1
Audi,Model A,2006,1.7,84179,Diesel,Manual,"$21,088.82",2
Toyota,Model C,2016,3.6,193179,Electric,Automatic,"$27,437.87",3
Honda,Model C,2018,3.2,65049,Petrol,Manual,"$32,516.99",3
Toyota,Model C,2018,1.4,29265,Diesel,Manual,"$29,908.49",1
Audi,Model E,2016,2.7,23880,Petrol,Automatic,"$31,582.97",1
Audi,Model B,2005,3.4,84579,Petrol,Manual,"$25,173.40",2
Toyota,Model D,2010,3.7,131327,Diesel,Automatic,"$24,613.39",3
Toyota,Model A,2015,1.1,132574,Petrol,Manual,"$21,249.14",1
Toyota,Model D,2007,4.1,65424,Electric,Automatic,"$28,905.19",2
Audi,Model B,2010,3,70966,Electric,Manual,"$26,000.91",2
Ford,Model B,2006,3.8,172438,Electric,Automatic,"$18,600.91",2
Toyota,Model E,2021,3.8,158497,Electric,Automatic,"$32,061.75",3
Honda,Model C,2018,1.7,183400,Petrol,Manual,"$18,490.15",1
Audi,Model C,2009,1.4,67396,Electric,Automatic,"$25,966.85",1
BMW,Model B,2008,3.5,71694,Diesel,Manual,"$27,428.21",2
BMW,Model E,2003,1.5,136878,Electric,Automatic,"$14,717.80",2
Honda,Model E,2014,4,17106,Diesel,Manual,"$33,193.21",3
Ford,Model A,2012,3.5,56731,Diesel,Manual,"$28,305.72",3
Toyota,Model C,2001,3.9,75010,Electric,Manual,"$25,164.95",2
Audi,Model B,2001,2,32599,Electric,Manual,"$23,445.91",2
Toyota,Model D,2015,2.1,71326,Petrol,Automatic,"$28,056.43",1
Audi,Model C,2008,3.3,75706,Diesel,Manual,"$27,307.47",2
BMW,Model A,2012,1.1,9004,Electric,Manual,"$26,520.14",1
Toyota,Model E,2002,3.5,115018,Petrol,Manual,"$24,772.45",2
Honda,Model B,2008,3.9,182436,Electric,Manual,"$24,125.41",3
Ford,Model C,2012,2.5,25792,Electric,Manual,"$27,756.39",1
Honda,Model D,2020,3.7,195984,Electric,Automatic,"$28,222.52",3
Ford,Model A,2021,1.6,54645,Diesel,Manual,"$31,414.91",1
Toyota,Model A,2001,2.1,7232,Electric,Automatic,"$22,818.88",2
Toyota,Model C,2007,4.4,54766,Petrol,Automatic,"$27,885.19",3
Ford,Model D,2008,4.5,120601,Electric,Manual,"$28,398.97",3
BMW,Model A,2015,2.8,81588,Electric,Manual,"$27,991.21",3
Audi,Model B,2001,4.3,179614,Petrol,Automatic,"$19,639.64",2
Honda,Model A,2005,2.8,5913,Petrol,Automatic,"$29,606.56",2
Honda,Model D,2021,2,112406,Diesel,Automatic,"$32,946.38",1
Honda,Model E,2007,1.9,113693,Diesel,Manual,"$19,562.10",2
Toyota,Model E,2004,4.3,93449,Diesel,Automatic,"$24,485.75",2
Honda,Model C,2008,1.6,10567,Diesel,Automatic,"$25,819.66",1
Audi,Model D,2000,3,38379,Petrol,Manual,"$23,274.52",2
Audi,Model A,2008,2.9,319,Electric,Automatic,"$29,536.76",2
Ford,Model A,2009,3.6,90005,Electric,Manual,"$25,219.39",3
Toyota,Model E,2003,2.7,110990,Electric,Automatic,"$17,818.12",2
Audi,Model E,2002,2,4791,Diesel,Manual,"$27,268.10",2
BMW,Model B,2009,1.6,131401,Petrol,Automatic,"$21,354.12",1
Toyota,Model E,2014,3.2,61032,Petrol,Manual,"$28,511.33",3
Toyota,Model B,2010,3.5,175150,Petrol,Manual,"$23,116.73",3
Audi,Model A,2013,3,88662,Electric,Automatic,"$30,732.80",3
BMW,Model B,2005,3.6,21300,Diesel,Manual,"$26,058.96",2
Ford,Model B,2011,1.5,75700,Petrol,Automatic,"$24,137.28",1
Audi,Model C,2012,4.1,182017,Diesel,Manual,"$21,319.42",3
BMW,Model E,2016,3,55609,Petrol,Manual,"$29,982.87",3
Toyota,Model B,2015,1.4,191634,Diesel,Manual,"$20,951.49",1
BMW,Model A,2002,2.6,90045,Petrol,Manual,"$18,468.30",2
Toyota,Model D,2001,4,61901,Diesel,Manual,"$24,030.55",2
Audi,Model B,2010,4.1,5703,Petrol,Manual,"$33,514.70",3
Audi,Model E,2008,1.9,63115,Petrol,Manual,"$24,822.65",1
Honda,Model C,2002,3.5,27676,Diesel,Automatic,"$23,300.94",2
Honda,Model A,2017,1.3,192782,Diesel,Automatic,"$21,208.45",1
Honda,Model C,2019,1.1,191149,Electric,Manual,"$22,259.99",1
Audi,Model D,2014,3,121332,Diesel,Manual,"$26,149.37",3
Ford,Model B,2013,3.4,176512,Petrol,Manual,"$25,653.08",3
Audi,Model B,2001,3.8,167995,Petrol,Automatic,"$17,521.36",2
BMW,Model E,2016,2.2,29802,Diesel,Manual,"$30,734.87",1
Audi,Model B,2021,1,90331,Electric,Automatic,"$24,653.05",1
Audi,Model A,2007,2.7,193976,Diesel,Manual,"$14,999.95",2
Toyota,Model D,2009,1.1,191234,Petrol,Manual,"$17,700.46",1
Toyota,Model C,2017,1.3,124786,Petrol,Manual,"$23,901.82",1
Toyota,Model D,2018,2.1,65169,Electric,Manual,"$28,014.71",1
Audi,Model B,2007,2.5,68147,Diesel,Manual,"$21,962.34",2
Ford,Model C,2007,2,22075,Petrol,Automatic,"$27,050.45",2
BMW,Model E,2002,3,82015,Petrol,Manual,"$18,883.22",2
BMW,Model D,2002,1.2,9304,Petrol,Automatic,"$23,920.55",2
Ford,Model C,2011,1.5,129851,Diesel,Automatic,"$21,909.44",1
Ford,Model C,2021,3.4,120729,Diesel,Manual,"$27,347.97",3
BMW,Model C,2016,1.5,59622,Electric,Manual,"$27,270.82",1
Honda,Model A,2003,3.2,54215,Petrol,Manual,"$29,496.70",2
Toyota,Model D,2016,1.2,73973,Petrol,Automatic,"$28,080.19",1
Toyota,Model C,2013,2.4,108654,Electric,Automatic,"$23,211.25",1
BMW,Model D,2018,1.6,143593,Petrol,Automatic,"$25,453.76",1
Ford,Model C,2008,1.4,24028,Electric,Manual,"$21,766.77",1
Honda,Model E,2020,3,39328,Electric,Automatic,"$30,290.97",3
BMW,Model E,2011,4.2,27301,Petrol,Automatic,"$31,400.34",3
Toyota,Model E,2004,1.2,38015,Diesel,Automatic,"$22,602.55",2
Audi,Model B,2010,2.5,36845,Diesel,Manual,"$28,780.41",1
Ford,Model C,2019,3.5,86818,Diesel,Automatic,"$32,809.47",3
Audi,Model B,2002,2.6,76394,Diesel,Automatic,"$22,369.80",2
BMW,Model D,2020,3.8,175231,Petrol,Manual,"$24,610.47",3
Toyota,Model B,2014,1.6,43714,Electric,Manual,"$26,892.44",1
Honda,Model D,2013,4.4,80722,Electric,Manual,"$32,201.26",3
Audi,Model D,2010,2.3,25230,Petrol,Automatic,"$28,225.08",1
Honda,Model D,2019,2.2,92554,Diesel,Automatic,"$28,636.51",1
Toyota,Model B,2007,4.1,49262,Electric,Automatic,"$28,895.35",2
Audi,Model C,2003,3,41722,Petrol,Manual,"$25,038.94",2
Honda,Model B,2011,2.8,177431,Petrol,Automatic,"$17,298.66",3
Honda,Model C,2007,3.5,62796,Diesel,Manual,"$28,669.98",2
Audi,Model C,2005,3,171231,Petrol,Manual,"$18,717.38",2
Toyota,Model D,2014,1.6,87052,Electric,Automatic,"$26,262.57",1
Honda,Model B,2011,3.4,100808,Electric,Automatic,"$21,648.31",3
BMW,Model C,2015,1.5,136311,Petrol,Automatic,"$26,006.43",1
Audi,Model E,2015,3.8,91951,Electric,Manual,"$27,189.63",3
Ford,Model C,2020,4.5,50886,Petrol,Manual,"$40,538.38",3
Ford,Model E,2019,2.3,103424,Electric,Automatic,"$32,167.28",1
Toyota,Model B,2019,2.6,158267,Diesel,Manual,"$23,136.82",3
BMW,Model B,2003,1.2,104697,Electric,Automatic,"$19,299.22",2
Honda,Model B,2010,1,96299,Diesel,Automatic,"$19,150.63",1
Ford,Model C,2012,4.2,165746,Diesel,Automatic,"$23,833.89",3
Toyota,Model A,2008,1.5,149177,Petrol,Manual,"$17,307.48",1
BMW,Model C,2003,2.6,160811,Diesel,Manual,"$18,555.31",2
BMW,Model C,2011,3.9,163041,Electric,Automatic,"$24,797.22",3
Toyota,Model D,2008,4.1,14497,Electric,Automatic,"$28,071.97",2
Toyota,Model D,2012,2.8,132888,Diesel,Manual,"$24,835.50",3
Honda,Model C,2015,3,118915,Petrol,Automatic,"$26,146.03",3
Toyota,Model E,2005,3.3,92019,Diesel,Manual,"$19,857.94",2
Honda,Model D,2009,4.4,190326,Electric,Automatic,"$21,915.64",3
Honda,Model C,2012,3.1,109017,Electric,Manual,"$29,070.00",3
Audi,Model A,2006,3,69385,Diesel,Automatic,"$23,730.19",2
BMW,Model E,2018,1.1,105153,Diesel,Manual,"$21,271.28",1
BMW,Model B,2018,1.3,33826,Diesel,Automatic,"$30,537.63",1
BMW,Model C,2016,3,110034,Electric,Manual,"$25,643.28",3
Audi,Model C,2012,4.3,194437,Electric,Manual,"$24,307.01",3
Honda,Model E,2012,4,84242,Electric,Manual,"$28,443.93",3
Honda,Model D,2020,4.4,123066,Petrol,Manual,"$35,170.04",3
Toyota,Model D,2001,2.8,50100,Electric,Automatic,"$22,252.43",2
Audi,Model D,2009,3.8,125170,Electric,Manual,"$22,552.32",3
Toyota,Model B,2021,3.9,135431,Petrol,Manual,"$29,590.75",3
Audi,Model E,2012,3.3,96205,Petrol,Automatic,"$24,332.20",3
Toyota,Model E,2008,2.2,12809,Petrol,Manual,"$26,341.02",2
Ford,Model D,2000,2.6,64450,Petrol,Automatic,"$24,517.08",2
BMW,Model D,2013,4,38428,Petrol,Manual,"$34,075.54",3
BMW,Model A,2015,2,72790,Petrol,Manual,"$30,942.88",1
Honda,Model A,2019,4.2,111126,Diesel,Manual,"$32,302.20",3
Ford,Model C,2014,1.8,90321,Diesel,Manual,"$25,370.15",1
BMW,Model C,2000,3.6,2093,Diesel,Manual,"$24,098.76",2
Honda,Model E,2016,3.2,44498,Diesel,Manual,"$31,714.44",3
Ford,Model E,2012,3.6,116251,Electric,Automatic,"$26,126.73",3
BMW,Model B,2014,2.5,40985,Petrol,Automatic,"$30,508.00",1
Toyota,Model B,2015,4.3,32009,Electric,Manual,"$31,255.04",3
Audi,Model A,2015,3.2,128515,Petrol,Manual,"$26,579.61",3
Ford,Model C,2001,2,17718,Petrol,Automatic,"$19,467.11",2
Honda,Model A,2016,3.2,16705,Electric,Automatic,"$33,239.98",3
Ford,Model A,2010,2,87618,Diesel,Manual,"$24,970.60",1
Honda,Model C,2007,2,62598,Electric,Manual,"$20,127.08",2
Ford,Model B,2019,2.4,77878,Electric,Manual,"$26,726.60",1
Honda,Model C,2002,4,12239,Petrol,Manual,"$24,796.09",2
BMW,Model D,2011,2.8,46622,Petrol,Manual,"$27,413.65",1
Toyota,Model D,2019,3.4,46665,Petrol,Manual,"$30,171.78",3
BMW,Model D,2015,2.4,32274,Diesel,Automatic,"$32,443.28",1
Toyota,Model E,2013,1.9,142491,Electric,Manual,"$23,047.76",1
BMW,Model B,2015,4.3,108368,Electric,Manual,"$30,879.68",3
BMW,Model B,2020,3.1,146075,Diesel,Automatic,"$24,718.15",3
Ford,Model E,2016,4.3,161938,Electric,Automatic,"$30,089.46",3
Audi,Model A,2010,1.7,153060,Electric,Automatic,"$21,046.22",1
Honda,Model D,2016,1.5,186966,Petrol,Automatic,"$19,287.01",1
Honda,Model D,2018,4,108563,Diesel,Manual,"$27,488.31",3
Honda,Model A,2021,3.4,136746,Petrol,Automatic,"$29,310.45",3
Toyota,Model C,2000,1.7,93103,Diesel,Automatic,"$16,811.99",2
Honda,Model C,2011,1.9,66446,Petrol,Manual,"$24,127.85",1
Honda,Model B,2014,3.8,29072,Electric,Automatic,"$30,735.54",3
Ford,Model E,2017,2.6,33717,Diesel,Automatic,"$32,457.02",1
BMW,Model B,2013,3.3,157723,Diesel,Manual,"$19,012.70",3
Honda,Model C,2000,2.1,117202,Petrol,Manual,"$20,199.76",2
Audi,Model A,2012,2.3,175363,Diesel,Manual,"$22,828.08",1
Honda,Model B,2014,4.5,122389,Electric,Manual,"$29,301.92",3
Toyota,Model D,2006,1.9,109525,Electric,Manual,"$20,035.58",2
Toyota,Model D,2014,2.8,194422,Electric,Manual,"$24,045.00",3
Toyota,Model A,2019,4,4646,Petrol,Manual,"$36,183.18",3
Honda,Model C,2009,1.8,39713,Diesel,Automatic,"$24,557.49",1
Ford,Model D,2013,2.5,67936,Petrol,Automatic,"$29,380.64",1
Audi,Model D,2005,3.2,175403,Electric,Manual,"$23,316.64",2
Honda,Model E,2013,2.7,22185,Diesel,Automatic,"$27,848.74",1
Ford,Model B,2021,2.6,84263,Electric,Manual,"$31,336.45",1
Ford,Model C,2011,2.3,52107,Diesel,Automatic,"$24,321.87",1
Honda,Model B,2010,3.1,197626,Diesel,Manual,"$21,321.98",3
Honda,Model C,2019,3.2,17563,Petrol,Automatic,"$32,465.49",3
Ford,Model D,2021,3.3,70729,Diesel,Manual,"$34,986.65",3
Ford,Model E,2018,1.2,15701,Electric,Automatic,"$29,414.71",1
Ford,Model B,2001,3.2,179289,Diesel,Manual,"$17,028.51",2
Honda,Model D,2021,4.3,175682,Electric,Automatic,"$32,578.13",3
Ford,Model C,2019,2.9,181203,Petrol,Automatic,"$23,773.84",3
Toyota,Model B,2000,3.5,128331,Electric,Manual,"$20,953.13",2
Honda,Model B,2007,2.9,160482,Diesel,Automatic,"$19,008.99",2
Toyota,Model D,2013,4,99280,Electric,Automatic,"$30,928.60",3
BMW,Model B,2008,4.3,189787,Electric,Automatic,"$25,684.16",3
Honda,Model E,2001,1.6,38665,Diesel,Automatic,"$20,240.94",2
BMW,Model E,2004,2.5,15957,Electric,Automatic,"$20,813.97",2
Ford,Model D,2007,2.4,179199,Diesel,Manual,"$16,963.78",2
Ford,Model C,2015,2.4,194661,Petrol,Manual,"$26,432.22",1
Audi,Model D,2021,1.4,46008,Electric,Automatic,"$28,815.37",1
Ford,Model E,2015,3.8,61920,Petrol,Manual,"$34,546.04",3
BMW,Model A,2012,1.1,163947,Electric,Automatic,"$17,790.08",1
Ford,Model A,2019,2.8,113828,Electric,Manual,"$27,146.60",3
Honda,Model B,2014,3.3,123852,Petrol,Automatic,"$27,965.78",3
Ford,Model B,2000,1.7,132698,Electric,Automatic,"$17,083.78",2
Audi,Model A,2021,4.2,90815,Electric,Automatic,"$35,063.60",3
Ford,Model E,2002,3.9,194894,Petrol,Automatic,"$18,065.12",2
BMW,Model B,2005,2.6,164714,Electric,Manual,"$20,533.02",2
BMW,Model D,2021,2.4,38311,Diesel,Manual,"$34,307.45",1
Ford,Model D,2013,1.8,32356,Electric,Manual,"$29,780.26",1
BMW,Model E,2003,3.6,3809,Electric,Automatic,"$26,262.43",2
BMW,Model B,2017,1.5,174443,Electric,Manual,"$23,845.11",1
Audi,Model D,2014,3.4,34875,Petrol,Manual,"$30,013.58",3
Honda,Model B,2008,3.9,9465,Diesel,Automatic,"$30,012.55",2
Audi,Model B,2017,1.8,197167,Diesel,Automatic,"$20,886.40",1
Toyota,Model D,2002,4,73844,Electric,Automatic,"$22,311.59",2
Audi,Model A,2009,1.1,196322,Petrol,Manual,"$12,412.86",1
Ford,Model D,2016,4.2,86889,Petrol,Manual,"$33,503.00",3
Honda,Model E,2006,1.4,15250,Diesel,Automatic,"$22,633.00",1
Ford,Model C,2014,3.3,46023,Petrol,Manual,"$29,759.37",3
Toyota,Model D,2000,1.9,101350,Electric,Automatic,"$16,271.07",2
Honda,Model B,2010,3.9,177696,Electric,Manual,"$22,401.89",3
BMW,Model B,2016,2.8,16427,Petrol,Automatic,"$30,766.84",1
Audi,Model D,2004,1.5,164348,Electric,Manual,"$18,340.77",2
Ford,Model C,2006,3,71643,Diesel,Manual,"$23,236.84",2
Toyota,Model D,2018,2.4,134511,Electric,Manual,"$29,503.56",1
BMW,Model C,2014,3.3,78672,Petrol,Automatic,"$30,944.94",3
Audi,Model C,2002,4.1,17300,Diesel,Automatic,"$26,386.11",2
BMW,Model E,2014,2.4,60289,Electric,Automatic,"$28,425.17",1
Audi,Model B,2004,2,148254,Diesel,Manual,"$18,625.99",2
Honda,Model B,2011,1.1,181984,Petrol,Automatic,"$19,284.01",1
BMW,Model C,2019,3,157981,Electric,Manual,"$28,481.88",3
BMW,Model B,2004,2.4,19659,Electric,Automatic,"$25,190.32",2
BMW,Model A,2002,2.3,162475,Diesel,Automatic,"$14,567.40",2
Honda,Model C,2008,1.6,164658,Electric,Manual,"$19,248.88",1
Toyota,Model B,2008,2.5,10360,Electric,Manual,"$27,008.99",2
Audi,Model A,2006,4.4,21424,Electric,Automatic,"$24,150.39",2
BMW,Model E,2001,2,98035,Electric,Automatic,"$19,378.81",2
Honda,Model B,2020,3.1,48791,Petrol,Manual,"$31,292.23",3
Toyota,Model A,2015,3.7,134137,Electric,Manual,"$26,276.37",3
Audi,Model D,2008,3.6,199867,Diesel,Automatic,"$20,218.69",3
Honda,Model D,2012,2.2,12300,Petrol,Manual,"$25,677.71",1
Audi,Model A,2018,3.1,33370,Diesel,Automatic,"$32,809.58",3
BMW,Model C,2019,4,27209,Diesel,Automatic,"$34,506.14",3
Toyota,Model C,2016,1.1,20927,Diesel,Automatic,"$26,399.21",1
Honda,Model B,2005,2.5,34579,Petrol,Manual,"$24,863.53",2
Toyota,Model D,2003,1.8,9032,Petrol,Automatic,"$20,268.01",2
BMW,Model C,2000,2.4,93254,Petrol,Automatic,"$19,288.55",2
Toyota,Model C,2017,2.5,78413,Electric,Manual,"$29,520.55",1
Toyota,Model D,2018,3.6,171803,Diesel,Manual,"$27,220.35",3
Ford,Model E,2008,1.3,113528,Petrol,Manual,"$21,501.37",1
Toyota,Model C,2012,2.8,184839,Diesel,Automatic,"$23,688.75",3
Audi,Model A,2007,3,123916,Petrol,Manual,"$22,141.50",2
Honda,Model B,2012,2.7,72302,Petrol,Manual,"$28,975.80",1
Ford,Model C,2014,3.6,181026,Petrol,Automatic,"$23,978.53",3
Honda,Model C,2010,2.3,85757,Diesel,Automatic,"$22,913.23",1
Honda,Model E,2011,4.3,156174,Electric,Automatic,"$24,505.80",3
BMW,Model A,2013,2.7,165505,Petrol,Automatic,"$23,158.71",3
BMW,Model B,2003,3,15932,Petrol,Manual,"$27,873.76",2
Ford,Model C,2000,3.9,25714,Petrol,Automatic,"$25,517.23",2
BMW,Model B,2003,2,57803,Electric,Manual,"$20,262.54",2
BMW,Model D,2018,1.3,170815,Diesel,Automatic,"$24,947.77",1
BMW,Model C,2008,3.5,133624,Diesel,Automatic,"$20,449.17",2
Honda,Model C,2009,2.7,56627,Diesel,Manual,"$24,734.24",2
Ford,Model D,2003,4.1,177059,Diesel,Manual,"$21,632.62",2
Honda,Model E,2019,4.4,79810,Petrol,Manual,"$36,842.41",3
Audi,Model C,2008,2.4,45380,Electric,Automatic,"$26,492.36",2
Honda,Model B,2012,2.5,160322,Petrol,Automatic,"$22,483.68",1
Audi,Model A,2011,2.4,199416,Electric,Manual,"$18,747.47",1
Toyota,Model B,2010,2.1,64686,Diesel,Manual,"$26,061.84",1
Toyota,Model E,2011,3.7,120321,Electric,Automatic,"$26,142.69",3
Audi,Model A,2017,3.7,45028,Petrol,Manual,"$31,139.54",3
Audi,Model B,2011,2.7,146367,Petrol,Manual,"$21,963.66",3
Honda,Model B,2015,1.2,113141,Diesel,Automatic,"$21,508.06",1
Audi,Model D,2004,2.1,55248,Petrol,Manual,"$22,464.83",2
Ford,Model E,2019,2,10523,Petrol,Automatic,"$32,297.53",1
Toyota,Model D,2011,3.8,45530,Electric,Automatic,"$33,092.27",3
Toyota,Model A,2020,1.3,13769,Petrol,Automatic,"$29,716.76",1
Audi,Model D,2010,3.8,194114,Diesel,Manual,"$21,532.75",3
BMW,Model E,2008,3.3,112035,Diesel,Manual,"$26,516.61",2
BMW,Model C,2017,3.6,175717,Petrol,Manual,"$29,524.33",3
Audi,Model C,2002,2.5,193214,Diesel,Manual,"$16,288.72",2
Ford,Model A,2019,3.4,156629,Electric,Automatic,"$26,961.42",3
BMW,Model C,2016,3.1,79782,Electric,Automatic,"$28,264.86",3
Audi,Model D,2013,3.7,78382,Petrol,Manual,"$25,294.77",3
Ford,Model A,2000,2.6,168157,Petrol,Manual,"$13,936.61",2
Ford,Model E,2016,2.7,181780,Electric,Manual,"$23,514.12",3
Honda,Model A,2007,3.3,182429,Diesel,Manual,"$19,616.58",2
Ford,Model A,2004,1.4,110939,Petrol,Automatic,"$19,499.87",2
BMW,Model B,2004,2.5,144542,Petrol,Manual,"$18,382.49",2
BMW,Model B,2008,4.4,78712,Diesel,Automatic,"$26,412.29",3
Audi,Model A,2002,1.1,118643,Petrol,Manual,"$16,950.54",2
Audi,Model C,2018,2.1,107417,Diesel,Manual,"$31,839.68",1
Ford,Model B,2008,2.1,137877,Diesel,Manual,"$19,671.45",2
Toyota,Model E,2021,3.2,128256,Diesel,Automatic,"$29,764.98",3
Honda,Model D,2017,1.4,193100,Diesel,Manual,"$22,338.85",1
Toyota,Model B,2015,3.2,181844,Diesel,Automatic,"$22,664.56",3
Ford,Model A,2000,1.3,183176,Electric,Automatic,"$14,986.72",2
Ford,Model C,2001,1.3,101422,Diesel,Manual,"$13,870.82",2
Toyota,Model D,2013,3.5,89300,Electric,Automatic,"$27,219.55",3
Honda,Model B,2013,2.1,6630,Diesel,Automatic,"$28,746.06",1
Toyota,Model C,2000,4.4,124474,Petrol,Automatic,"$21,878.62",2
Audi,Model C,2015,1.1,98869,Electric,Manual,"$19,813.59",1
BMW,Model C,2014,2.6,15701,Petrol,Automatic,"$33,120.43",1
Audi,Model A,2014,1.4,145931,Diesel,Automatic,"$22,331.89",1
BMW,Model E,2011,2.2,152255,Diesel,Manual,"$23,532.91",1
Ford,Model C,2015,4.5,171510,Petrol,Manual,"$30,150.57",3
Honda,Model D,2013,4.1,97285,Diesel,Automatic,"$27,354.62",3
Toyota,Model B,2014,1.2,117556,Petrol,Automatic,"$17,533.49",1
Honda,Model D,2014,3,173316,Diesel,Automatic,"$25,626.93",3
Toyota,Model A,2018,3.3,15021,Diesel,Automatic,"$33,276.18",3
Audi,Model A,2007,1.7,186637,Electric,Manual,"$14,301.81",1
Audi,Model D,2001,1.5,179115,Petrol,Manual,"$14,696.85",2
Toyota,Model E,2001,4.2,64361,Diesel,Automatic,"$29,609.06",2
Honda,Model A,2009,4.4,132317,Petrol,Manual,"$25,466.34",3
Toyota,Model A,2002,4.5,172083,Electric,Automatic,"$22,298.08",2
Ford,Model D,2016,3.8,10355,Petrol,Manual,"$32,107.24",3
Audi,Model A,2007,3.3,98841,Electric,Manual,"$20,784.43",2
Ford,Model E,2003,2.2,179764,Petrol,Automatic,"$17,739.68",2
Audi,Model E,2013,1.6,180076,Petrol,Automatic,"$20,788.35",1
Audi,Model E,2020,1.3,160786,Electric,Automatic,"$22,629.29",1
BMW,Model B,2009,3.4,17198,Diesel,Automatic,"$32,852.54",2
Ford,Model E,2000,3.7,66951,Diesel,Manual,"$19,523.47",2
Ford,Model E,2003,3.9,132724,Diesel,Manual,"$19,203.74",2
BMW,Model B,2000,4.2,174697,Petrol,Automatic,"$17,579.41",2
Honda,Model C,2016,4.1,18740,Petrol,Manual,"$33,550.21",3
Ford,Model A,2016,4.5,3810,Diesel,Manual,"$38,740.21",3
Toyota,Model E,2006,1.9,123743,Petrol,Automatic,"$19,711.25",2
BMW,Model A,2019,3.7,147641,Petrol,Automatic,"$28,132.04",3
Ford,Model D,2014,3.1,99855,Diesel,Manual,"$24,667.24",3
Honda,Model A,2012,1.9,26783,Electric,Automatic,"$29,634.12",1
Ford,Model B,2001,4.4,121701,Petrol,Automatic,"$19,941.67",2
Audi,Model A,2018,4.1,78047,Petrol,Manual,"$29,748.43",3
Toyota,Model A,2012,1.4,9471,Petrol,Manual,"$26,525.93",1
BMW,Model A,2010,1.1,110771,Petrol,Automatic,"$20,987.84",1
Audi,Model C,2021,3.4,6163,Electric,Manual,"$34,551.56",3
Honda,Model C,2014,3.1,194159,Diesel,Automatic,"$23,906.09",3
Audi,Model D,2009,4.3,62071,Petrol,Automatic,"$28,430.50",3
Audi,Model B,2008,1.8,16065,Diesel,Manual,"$27,902.29",1
Honda,Model A,2008,1.3,122323,Petrol,Manual,"$20,494.07",1
Audi,Model A,2019,1.9,117969,Electric,Automatic,"$29,984.51",1
BMW,Model A,2000,1.1,83456,Diesel,Automatic,"$16,142.74",2
Ford,Model A,2016,1.1,179420,Electric,Automatic,"$21,916.94",1
Audi,Model C,2011,4.2,19154,Petrol,Manual,"$28,368.68",3
BMW,Model D,2009,2.2,105703,Electric,Automatic,"$28,398.17",1
Ford,Model E,2004,2.4,20229,Electric,Manual,"$26,376.44",2
Ford,Model B,2017,1.1,52587,Petrol,Automatic,"$26,478.04",1
Audi,Model A,2014,1.9,49713,Petrol,Manual,"$26,796.10",1
BMW,Model D,2005,3.8,158069,Diesel,Automatic,"$20,702.50",2
Audi,Model E,2006,3.2,21101,Petrol,Manual,"$31,025.02",2
Honda,Model D,2016,3.6,40391,Diesel,Automatic,"$33,977.55",3
Ford,Model C,2005,2.6,72723,Electric,Automatic,"$22,177.21",2
Audi,Model E,2007,2.1,190477,Electric,Automatic,"$14,698.52",2
Ford,Model D,2011,2.7,166020,Diesel,Automatic,"$23,991.21",3
BMW,Model C,2020,2.1,100264,Petrol,Manual,"$29,863.90",1
Toyota,Model D,2013,3.9,184103,Petrol,Manual,"$25,507.59",3
Audi,Model D,2011,2,37921,Electric,Manual,"$26,436.46",1
Audi,Model E,2009,3.3,28460,Diesel,Manual,"$28,077.77",2
Ford,Model C,2021,1.5,152143,Electric,Manual,"$28,263.30",1
BMW,Model A,2019,3.4,197190,Electric,Automatic,"$28,997.04",3
Honda,Model B,2014,4.2,179354,Petrol,Manual,"$26,712.55",3
BMW,Model E,2006,3.1,91725,Diesel,Manual,"$25,553.43",2
Audi,Model C,2008,3,58445,Electric,Manual,"$26,549.95",2
Honda,Model D,2009,4.4,82208,Petrol,Manual,"$25,449.63",3
BMW,Model C,2009,3.2,185888,Electric,Automatic,"$18,646.11",3
Toyota,Model B,2015,1.9,106283,Electric,Automatic,"$27,278.21",1
Ford,Model B,2006,2,85779,Petrol,Automatic,"$24,258.46",2
BMW,Model A,2004,3.5,3060,Petrol,Automatic,"$29,955.25",2
BMW,Model A,2002,3.6,125806,Diesel,Manual,"$21,601.80",2
Toyota,Model B,2017,2.1,13731,Electric,Manual,"$33,196.05",1
Audi,Model E,2010,2.2,77830,Diesel,Automatic,"$24,392.23",1
Ford,Model E,2014,4.5,115871,Petrol,Automatic,"$30,449.23",3
BMW,Model D,2020,1.4,20719,Petrol,Manual,"$30,354.69",1
Honda,Model A,2019,2.4,178114,Electric,Manual,"$22,280.73",1
BMW,Model D,2004,1.2,49116,Diesel,Automatic,"$22,673.34",2
Ford,Model A,2011,3.9,26325,Diesel,Automatic,"$33,534.00",3
BMW,Model B,2003,1.3,153669,Electric,Automatic,"$20,364.47",2
Toyota,Model E,2014,3.4,198511,Electric,Automatic,"$23,402.51",3
BMW,Model E,2008,1.2,14551,Diesel,Manual,"$22,576.83",1
BMW,Model B,2006,3.4,93287,Petrol,Manual,"$23,478.77",2
Honda,Model D,2009,4,24278,Petrol,Manual,"$30,014.32",3
Toyota,Model D,2012,2.4,15141,Electric,Automatic,"$29,339.95",1
Toyota,Model C,2007,2.8,67913,Diesel,Manual,"$25,646.10",2
BMW,Model A,2011,2.4,33615,Diesel,Manual,"$28,345.19",1
Honda,Model D,2021,2.1,122058,Diesel,Automatic,"$29,151.26",1
BMW,Model B,2018,3.8,193823,Petrol,Automatic,"$26,303.70",3
BMW,Model D,2000,2,112684,Petrol,Automatic,"$12,915.21",2
Ford,Model E,2015,3.5,27452,Diesel,Automatic,"$32,581.67",3
Ford,Model A,2021,1.7,153797,Diesel,Automatic,"$25,383.61",1
Honda,Model C,2016,1.9,50391,Electric,Automatic,"$29,380.98",1
Audi,Model A,2017,2.2,120288,Electric,Manual,"$25,162.64",1
Ford,Model E,2010,3.1,113535,Diesel,Manual,"$24,970.30",3
Audi,Model E,2017,2.6,142770,Diesel,Manual,"$26,673.98",1
Toyota,Model E,2006,3.6,86711,Petrol,Manual,"$24,544.37",2
Ford,Model E,2017,1.7,77850,Diesel,Manual,"$28,359.24",1
Ford,Model B,2007,1,109733,Electric,Manual,"$19,153.60",1
Honda,Model C,2005,3.7,2365,Petrol,Automatic,"$29,095.07",2
Audi,Model E,2006,3.9,97662,Electric,Automatic,"$19,071.48",2
Ford,Model E,2021,1.2,43372,Electric,Automatic,"$27,443.63",1
Ford,Model D,2009,3.1,44134,Petrol,Manual,"$25,210.97",2
Honda,Model C,2010,2.3,37823,Electric,Manual,"$27,141.51",1
Honda,Model A,2012,3.8,71158,Diesel,Automatic,"$31,585.43",3
Audi,Model C,2008,4.1,96076,Electric,Automatic,"$26,159.37",3
Toyota,Model C,2006,4,133021,Petrol,Automatic,"$25,045.55",2
Toyota,Model C,2008,3.7,49396,Petrol,Automatic,"$29,226.71",2
BMW,Model E,2012,1.9,108336,Petrol,Automatic,"$23,662.99",1
Ford,Model E,2002,3.8,31912,Electric,Manual,"$27,152.35",2
Audi,Model B,2002,2.9,56947,Diesel,Manual,"$23,444.54",2
Ford,Model A,2000,1.2,44387,Petrol,Manual,"$18,896.09",2
Audi,Model D,2020,2.6,195037,Diesel,Automatic,"$25,230.31",3
Audi,Model C,2019,4.3,16508,Petrol,Manual,"$39,167.86",3
Audi,Model A,2001,4.1,45592,Diesel,Automatic,"$26,365.90",2
Ford,Model A,2002,1.4,109249,Diesel,Manual,"$17,773.49",2
Honda,Model B,2014,3.6,1919,Diesel,Automatic,"$31,349.15",3
Ford,Model D,2005,3.8,42595,Petrol,Automatic,"$29,802.00",2
Audi,Model C,2012,1.9,140689,Electric,Manual,"$18,951.45",1
BMW,Model D,2020,2.7,33298,Electric,Manual,"$29,322.97",1
Toyota,Model B,2000,3.5,138001,Electric,Manual,"$19,842.87",2
Audi,Model E,2019,2.5,14456,Diesel,Manual,"$31,015.68",1
BMW,Model A,2018,1.4,109599,Petrol,Manual,"$27,498.25",1
Honda,Model C,2000,3.5,86676,Diesel,Automatic,"$18,298.79",2
Audi,Model E,2020,4.2,83721,Petrol,Manual,"$35,137.56",3
BMW,Model B,2021,3.3,37924,Diesel,Manual,"$35,845.76",3
Audi,Model D,2001,3.7,24240,Petrol,Automatic,"$25,924.03",2
Ford,Model A,2014,2.3,87381,Petrol,Manual,"$22,031.81",1
BMW,Model C,2013,1.6,9228,Petrol,Automatic,"$24,791.99",1
Ford,Model E,2018,3.2,21686,Diesel,Manual,"$33,795.57",3
Ford,Model E,2010,2.1,11920,Electric,Manual,"$27,138.42",1
BMW,Model A,2014,4,7432,Diesel,Automatic,"$35,083.06",3
Toyota,Model D,2005,1.4,194647,Diesel,Manual,"$14,431.22",2
BMW,Model B,2019,2.5,110507,Petrol,Manual,"$27,664.29",1
Toyota,Model D,2008,2.4,130509,Petrol,Manual,"$16,421.91",2
Audi,Model D,2004,4.3,71725,Electric,Manual,"$27,658.61",2
Audi,Model D,2019,1.5,164982,Electric,Automatic,"$21,952.61",1
BMW,Model A,2001,1,121764,Petrol,Automatic,"$14,615.39",2
Audi,Model A,2005,1.8,161298,Electric,Manual,"$14,895.54",2
Honda,Model B,2017,3.9,59099,Electric,Manual,"$29,264.23",3
Ford,Model D,2018,1.7,112557,Petrol,Automatic,"$28,716.43",1
Ford,Model A,2008,1.8,86760,Diesel,Automatic,"$23,852.98",1
Toyota,Model B,2020,1.5,18013,Electric,Manual,"$32,723.34",1
Audi,Model B,2005,3.5,21446,Petrol,Automatic,"$26,994.68",2
Toyota,Model D,2013,1.2,105209,Electric,Automatic,"$19,163.71",1
Ford,Model C,2012,2.2,193581,Electric,Automatic,"$23,925.04",1
Ford,Model D,2010,2,102261,Petrol,Automatic,"$23,731.53",1
Audi,Model C,2011,2.9,95739,Electric,Manual,"$25,786.63",3
Honda,Model B,2018,3.6,557,Electric,Automatic,"$34,453.88",3
Honda,Model A,2018,2.9,161738,Electric,Manual,"$21,623.99",3
Audi,Model E,2020,4.3,168461,Diesel,Manual,"$31,460.07",3
Audi,Model B,2018,4.3,178772,Diesel,Automatic,"$25,545.99",3
Toyota,Model A,2012,2.3,130878,Electric,Manual,"$24,149.24",1
Audi,Model B,2013,3.7,99143,Petrol,Manual,"$29,484.52",3
Honda,Model D,2017,3.6,24578,Electric,Automatic,"$34,139.42",3
Audi,Model C,2011,4.1,74779,Electric,Automatic,"$29,901.00",3
Toyota,Model B,2003,2.6,140668,Diesel,Automatic,"$21,358.84",2
Toyota,Model A,2009,2.9,57500,Diesel,Manual,"$24,840.17",2
Toyota,Model D,2016,2.5,72534,Diesel,Manual,"$28,702.31",1
Toyota,Model E,2003,4,10129,Electric,Manual,"$27,543.34",2
BMW,Model D,2011,1.8,194466,Electric,Manual,"$14,697.57",1
Audi,Model C,2012,1.8,197118,Petrol,Automatic,"$19,316.77",1
Ford,Model D,2003,2.3,11596,Electric,Manual,"$27,022.70",2
Audi,Model E,2009,1.8,65355,Electric,Automatic,"$26,584.92",1
BMW,Model A,2002,3,12974,Diesel,Automatic,"$29,066.25",2
Toyota,Model B,2014,1.5,197745,Diesel,Automatic,"$15,565.31",1
BMW,Model C,2001,2.1,112004,Diesel,Automatic,"$21,357.06",2
Honda,Model E,2016,4.2,126794,Diesel,Manual,"$29,429.98",3
Honda,Model C,2005,2.4,70202,Diesel,Automatic,"$25,991.03",2
Audi,Model D,2007,3.6,74442,Petrol,Manual,"$25,188.34",2
Audi,Model C,2002,1.4,152890,Petrol,Automatic,"$14,093.90",2
Ford,Model E,2017,1.9,174318,Petrol,Automatic,"$20,153.55",1
Ford,Model B,2021,3.8,55598,Diesel,Automatic,"$35,872.06",3
Honda,Model B,2000,3.7,133726,Diesel,Manual,"$20,742.65",2
Toyota,Model C,2015,2.4,33758,Diesel,Automatic,"$27,378.08",1
BMW,Model A,2006,4.3,24204,Petrol,Automatic,"$25,061.53",2
Ford,Model C,2002,4.2,127309,Diesel,Automatic,"$22,865.04",2
Ford,Model D,2003,4.4,166000,Petrol,Automatic,"$22,058.34",2
Toyota,Model B,2008,2.5,184681,Diesel,Manual,"$16,792.05",2
Toyota,Model B,2004,1.7,30552,Electric,Manual,"$20,496.74",2
Audi,Model B,2018,3.2,141408,Petrol,Automatic,"$28,641.34",3
BMW,Model A,2014,3.4,47037,Electric,Automatic,"$34,160.94",3
Toyota,Model A,2007,1.4,147278,Petrol,Manual,"$16,946.12",1
Ford,Model E,2005,3.8,34831,Diesel,Manual,"$25,599.17",2
Ford,Model C,2017,1.1,43563,Diesel,Manual,"$28,119.57",1
Honda,Model C,2018,2.7,18361,Electric,Automatic,"$33,752.46",1
Toyota,Model D,2014,2.2,41335,Diesel,Manual,"$27,604.67",1
Audi,Model B,2006,3.6,74469,Petrol,Automatic,"$29,526.73",2
BMW,Model A,2009,2.1,25816,Diesel,Manual,"$28,212.57",1
Audi,Model D,2005,3.9,146691,Diesel,Manual,"$21,202.91",2
Ford,Model D,2013,3.1,92479,Petrol,Automatic,"$23,891.08",3
Audi,Model A,2016,3.8,26819,Electric,Manual,"$35,897.89",3
Ford,Model C,2008,4.5,142813,Electric,Automatic,"$27,243.21",3
Ford,Model B,2018,3.4,122330,Diesel,Manual,"$28,077.99",3
Ford,Model C,2004,4.4,8798,Petrol,Automatic,"$30,061.25",2
Ford,Model D,2006,1.1,156215,Electric,Manual,"$16,088.31",1
Ford,Model B,2018,2.2,49695,Electric,Manual,"$30,956.45",1
Honda,Model E,2019,1.4,163819,Diesel,Automatic,"$21,059.15",1
Audi,Model D,2006,1.9,129544,Petrol,Automatic,"$16,987.76",2
Honda,Model C,2001,3.9,152254,Electric,Automatic,"$21,309.03",2
Honda,Model C,2015,1.1,9415,Diesel,Automatic,"$30,104.48",1
Toyota,Model C,2012,2.8,142157,Diesel,Manual,"$22,510.57",3
Toyota,Model A,2007,3,146080,Diesel,Manual,"$19,697.76",2
Toyota,Model D,2005,3,87638,Diesel,Manual,"$25,413.23",2
BMW,Model B,2005,2.7,18452,Electric,Manual,"$24,546.87",2
Toyota,Model C,2008,3.8,195147,Petrol,Manual,"$20,953.47",3
Audi,Model C,2003,1.5,139192,Diesel,Manual,"$16,397.57",2
Honda,Model A,2010,2.1,195457,Diesel,Automatic,"$15,493.34",1
Audi,Model B,2004,3.2,110205,Electric,Manual,"$22,273.98",2
Toyota,Model D,2016,3.4,18170,Diesel,Manual,"$33,080.31",3
BMW,Model E,2019,2.4,16259,Diesel,Automatic,"$33,207.43",1
BMW,Model A,2006,4.1,22099,Petrol,Manual,"$29,411.51",2
Honda,Model D,2014,2.5,140721,Diesel,Manual,"$28,235.32",1
Audi,Model E,2014,2.4,129394,Electric,Manual,"$26,653.66",1
Ford,Model C,2013,1.1,59258,Petrol,Automatic,"$24,814.72",1
Audi,Model C,2012,2.9,172109,Electric,Automatic,"$22,455.03",3
Toyota,Model B,2010,3.5,11805,Petrol,Manual,"$33,936.99",3
Ford,Model E,2012,1.4,43147,Petrol,Automatic,"$27,368.83",1
BMW,Model C,2021,2.1,74280,Diesel,Manual,"$27,527.99",1
Honda,Model C,2008,3.7,177125,Diesel,Manual,"$23,441.65",3
Honda,Model B,2009,2.3,106777,Diesel,Manual,"$25,246.75",1
BMW,Model D,2003,1.8,97841,Electric,Automatic,"$22,443.38",2
Toyota,Model C,2016,3.4,124726,Diesel,Manual,"$26,760.72",3
BMW,Model A,2013,1.7,128359,Diesel,Manual,"$21,533.15",1
Toyota,Model A,2017,4.1,76215,Petrol,Manual,"$30,005.62",3
Ford,Model D,2010,1.4,112909,Diesel,Manual,"$21,770.80",1
BMW,Model E,2015,3.5,95365,Diesel,Manual,"$30,197.49",3
Toyota,Model B,2000,2.7,10985,Diesel,Automatic,"$22,824.09",2
Ford,Model A,2006,4,12391,Diesel,Manual,"$29,096.82",2
BMW,Model A,2009,1.4,4861,Petrol,Automatic,"$21,949.51",1
Honda,Model D,2008,3.4,194654,Diesel,Manual,"$23,086.20",3
BMW,Model E,2002,3,183000,Petrol,Automatic,"$13,720.05",2
Audi,Model E,2021,2.7,34364,Electric,Manual,"$33,931.36",1
BMW,Model D,2013,2.7,82399,Diesel,Manual,"$27,256.56",1
Audi,Model A,2014,3.5,42923,Diesel,Automatic,"$30,945.47",3
Ford,Model B,2001,4.3,138991,Diesel,Automatic,"$21,288.04",2
BMW,Model A,2013,1.3,186968,Petrol,Manual,"$16,728.04",1
Ford,Model E,2015,1.1,85818,Diesel,Automatic,"$23,752.97",1
Ford,Model A,2006,3.8,178468,Diesel,Automatic,"$22,614.50",2
Toyota,Model B,2003,1.4,165912,Electric,Manual,"$17,534.71",2
Ford,Model C,2017,4.5,173327,Petrol,Manual,"$26,991.85",3
Ford,Model A,2004,3.2,71160,Petrol,Manual,"$20,721.16",2
BMW,Model D,2005,3.3,128165,Electric,Manual,"$20,134.40",2
BMW,Model C,2006,1.7,139248,Petrol,Manual,"$22,142.99",2
Honda,Model D,2014,1.8,33529,Diesel,Automatic,"$26,485.26",1
Toyota,Model D,2000,3.3,187478,Diesel,Manual,"$16,031.69",2
Ford,Model D,2003,4.2,144013,Electric,Automatic,"$24,531.17",2
Toyota,Model A,2000,4.4,1669,Petrol,Manual,"$26,662.76",2
Audi,Model E,2010,1.7,117373,Petrol,Manual,"$21,200.28",1
Ford,Model C,2017,1.5,44859,Petrol,Automatic,"$29,846.05",1
Toyota,Model B,2013,1.2,55786,Electric,Manual,"$28,534.31",1
Honda,Model E,2021,4,182155,Diesel,Automatic,"$27,101.15",3
Honda,Model A,2010,2,171148,Electric,Automatic,"$22,226.79",1
Ford,Model D,2009,1,20323,Diesel,Automatic,"$23,920.79",1
Audi,Model B,2016,1.8,6021,Electric,Manual,"$28,527.09",1
Honda,Model C,2003,2.2,39807,Diesel,Manual,"$23,408.76",2
Honda,Model E,2014,4.5,128305,Petrol,Manual,"$26,269.61",3
Audi,Model E,2015,2.8,50355,Petrol,Manual,"$30,526.27",1
Toyota,Model B,2020,1.7,113415,Petrol,Manual,"$33,028.55",1
Honda,Model A,2012,2.2,175804,Electric,Manual,"$22,821.00",1
BMW,Model C,2008,2.2,8711,Electric,Automatic,"$26,754.65",2
Honda,Model B,2010,1.1,194151,Electric,Manual,"$18,596.85",1
Toyota,Model D,2010,1.5,7904,Petrol,Manual,"$24,741.76",1
Toyota,Model C,2005,3.4,64033,Diesel,Manual,"$23,571.00",2
Ford,Model E,2000,1.4,86478,Petrol,Manual,"$17,321.77",2
BMW,Model B,2021,1.8,120035,Petrol,Automatic,"$27,273.81",1
Toyota,Model E,2005,2.2,186168,Diesel,Automatic,"$14,004.99",2
Audi,Model E,2012,3.7,3093,Diesel,Automatic,"$31,632.40",3
BMW,Model E,2021,3,24918,Diesel,Automatic,"$33,964.92",3
BMW,Model A,2021,3.4,193708,Diesel,Automatic,"$29,698.54",3
Audi,Model E,2004,3,189878,Petrol,Manual,"$14,919.41",2
Honda,Model D,2014,3.4,140466,Electric,Automatic,"$23,004.60",3
Audi,Model D,2017,1,124501,Petrol,Automatic,"$23,626.37",1
Audi,Model C,2019,4.3,92510,Diesel,Manual,"$34,776.25",3
Honda,Model E,2013,1.4,93708,Electric,Manual,"$24,717.79",1
Honda,Model E,2014,2.4,97819,Electric,Automatic,"$26,514.40",1
Honda,Model B,2004,3.7,144352,Petrol,Manual,"$20,605.18",2
Honda,Model A,2003,2.5,36303,Petrol,Manual,"$25,037.06",2
Honda,Model C,2001,4.3,27453,Petrol,Automatic,"$28,381.13",2
Audi,Model E,2006,2.6,108886,Electric,Manual,"$21,241.08",2
Ford,Model B,2009,4.1,60695,Electric,Automatic,"$26,768.00",3
Ford,Model A,2015,3.8,199521,Electric,Automatic,"$22,239.71",3
Toyota,Model C,2009,4.4,156837,Diesel,Manual,"$26,215.62",3
Ford,Model C,2017,4.2,133412,Diesel,Automatic,"$26,140.85",3
Ford,Model E,2016,4.1,38057,Petrol,Automatic,"$36,651.27",3
Audi,Model C,2020,3.6,131669,Electric,Manual,"$28,704.30",3
Honda,Model B,2012,2.3,189060,Petrol,Manual,"$20,766.06",1
Honda,Model C,2000,1.4,94655,Electric,Manual,"$18,470.67",2
Audi,Model D,2000,3.4,15025,Petrol,Manual,"$23,681.38",2
Ford,Model B,2014,4.4,7145,Diesel,Automatic,"$33,522.95",3
Audi,Model A,2000,3.5,101206,Electric,Manual,"$21,203.64",2
Toyota,Model A,2005,4.3,186869,Diesel,Manual,"$19,049.11",2
Honda,Model E,2012,3.8,41723,Electric,Automatic,"$28,378.57",3
BMW,Model E,2000,1.6,73230,Petrol,Automatic,"$16,582.94",2
Toyota,Model D,2004,1.9,135902,Electric,Automatic,"$20,423.19",2
Toyota,Model A,2008,2.2,155002,Diesel,Automatic,"$20,445.75",2
Audi,Model A,2016,1.6,154824,Electric,Manual,"$20,872.47",1
Ford,Model A,2015,3,108138,Petrol,Manual,"$28,838.62",3
Honda,Model A,2007,4.4,62040,Electric,Automatic,"$26,722.49",3
BMW,Model C,2016,3.7,108668,Diesel,Automatic,"$25,065.78",3
Toyota,Model B,2014,2.5,198768,Petrol,Automatic,"$22,455.22",1
BMW,Model B,2000,1,195720,Diesel,Automatic,"$14,506.46",2
Ford,Model D,2011,2.1,55030,Electric,Manual,"$27,064.58",1
Ford,Model C,2004,2.8,56815,Diesel,Automatic,"$19,984.58",2
BMW,Model A,2005,2.1,112789,Electric,Manual,"$20,013.44",2
Honda,Model A,2000,1.4,166762,Petrol,Automatic,"$12,912.74",2
Ford,Model E,2000,2.5,57923,Diesel,Manual,"$21,860.27",2
BMW,Model E,2009,1.9,167644,Diesel,Manual,"$17,223.26",1
Toyota,Model D,2009,4.2,185102,Electric,Manual,"$21,977.95",3
BMW,Model A,2002,1.4,67904,Diesel,Manual,"$16,564.63",2
BMW,Model D,2016,1.2,160275,Diesel,Automatic,"$21,829.79",1
Audi,Model C,2018,1,77088,Petrol,Manual,"$23,379.81",1
Ford,Model B,2010,2.1,5608,Electric,Automatic,"$28,794.45",1
Honda,Model A,2017,3.3,45667,Electric,Manual,"$30,315.56",3
Honda,Model C,2001,3.6,55547,Petrol,Manual,"$17,639.82",2
Audi,Model A,2008,2.6,153557,Petrol,Automatic,"$22,109.67",2
Honda,Model E,2016,3.4,140934,Electric,Automatic,"$27,741.38",3
BMW,Model D,2013,2.3,128391,Petrol,Manual,"$26,386.33",1
Audi,Model E,2003,3.3,75948,Petrol,Manual,"$19,122.36",2
Toyota,Model B,2016,1.1,71880,Petrol,Automatic,"$24,296.90",1
Ford,Model E,2016,2.4,57560,Electric,Manual,"$29,185.19",1
Ford,Model A,2011,3.8,115063,Petrol,Automatic,"$27,490.26",3
Ford,Model E,2019,3.8,94218,Diesel,Automatic,"$28,463.33",3
BMW,Model A,2017,3.5,114462,Diesel,Automatic,"$29,639.82",3
Toyota,Model B,2002,1.7,159487,Electric,Manual,"$14,282.10",2
Audi,Model E,2010,1.9,195595,Petrol,Manual,"$14,310.09",1
Audi,Model D,2017,4.5,150395,Diesel,Automatic,"$27,478.89",3
Ford,Model D,2003,1.4,184286,Electric,Automatic,"$15,114.45",2
Toyota,Model D,2016,1.6,17997,Diesel,Automatic,"$25,673.55",1
Toyota,Model E,2017,1.5,121266,Petrol,Automatic,"$25,710.80",1
Toyota,Model E,2004,2.1,188075,Electric,Manual,"$16,363.01",2
Honda,Model E,2013,1.7,3679,Diesel,Automatic,"$28,208.33",1
Honda,Model A,2009,2.7,40308,Electric,Manual,"$23,614.20",2
Ford,Model B,2014,2.7,170914,Diesel,Automatic,"$19,744.40",3
Toyota,Model D,2000,4.2,196480,Diesel,Manual,"$16,779.04",2
Toyota,Model A,2015,1.1,185010,Petrol,Manual,"$17,199.62",1
Audi,Model D,2010,2.1,5695,Petrol,Manual,"$27,247.73",1
Audi,Model A,2019,3.1,58499,Diesel,Manual,"$33,587.41",3
Ford,Model E,2005,3.1,23382,Electric,Manual,"$25,984.86",2
Toyota,Model D,2021,2.7,14235,Electric,Automatic,"$33,587.36",1
Ford,Model E,2015,3.9,193295,Petrol,Automatic,"$24,035.94",3
Audi,Model D,2001,1.2,133438,Diesel,Manual,"$17,254.90",2
Audi,Model C,2000,3.9,158539,Petrol,Automatic,"$21,459.79",2
Honda,Model A,2008,2.7,190388,Diesel,Automatic,"$19,724.47",2
Ford,Model C,2021,1.5,112468,Diesel,Automatic,"$27,149.78",1
Ford,Model A,2011,4.1,6764,Petrol,Automatic,"$32,820.93",3
Toyota,Model B,2016,3.3,113831,Electric,Automatic,"$30,764.35",3
Toyota,Model D,2014,1.6,61836,Petrol,Automatic,"$27,060.71",1
Honda,Model B,2018,1.1,31923,Diesel,Automatic,"$31,648.73",1
BMW,Model B,2021,1.5,95711,Petrol,Manual,"$26,876.28",1
BMW,Model A,2009,3.1,16292,Electric,Automatic,"$26,214.26",2
BMW,Model C,2011,1.6,124913,Electric,Automatic,"$20,116.23",1
Ford,Model E,2013,1.8,132686,Diesel,Automatic,"$21,340.11",1
Ford,Model A,2008,1.1,20939,Petrol,Manual,"$27,362.11",1
Audi,Model E,2012,3.5,18800,Electric,Manual,"$32,532.83",3
Ford,Model B,2002,3.8,56440,Petrol,Automatic,"$23,503.09",2
Ford,Model E,2020,3.8,154318,Electric,Manual,"$30,500.92",3
Ford,Model C,2013,1.4,127521,Diesel,Manual,"$21,664.79",1
Honda,Model A,2020,4.2,183877,Diesel,Automatic,"$31,475.25",3
Ford,Model C,2009,3.4,121327,Petrol,Manual,"$23,566.25",3
Toyota,Model C,2015,4.1,49648,Diesel,Automatic,"$29,139.82",3
Toyota,Model A,2006,2.6,115192,Electric,Manual,"$21,066.90",2
Audi,Model C,2003,2.5,187923,Diesel,Automatic,"$15,437.54",2
Honda,Model D,2019,3.7,162760,Electric,Manual,"$25,075.55",3
Toyota,Model D,2010,1.3,93498,Electric,Automatic,"$23,096.92",1
Honda,Model D,2015,2.8,29764,Diesel,Automatic,"$33,461.24",1
Honda,Model E,2019,3.9,32470,Electric,Manual,"$32,431.53",3
Audi,Model C,2003,3.9,169573,Electric,Automatic,"$21,766.77",2
Honda,Model A,2021,4.3,57207,Petrol,Automatic,"$34,026.39",3
Ford,Model A,2021,3.4,62157,Petrol,Manual,"$33,142.71",3
Honda,Model E,2016,1.7,134288,Petrol,Automatic,"$23,426.06",1
Audi,Model A,2012,1.1,153144,Diesel,Automatic,"$19,493.38",1
Audi,Model D,2010,2.7,93778,Petrol,Manual,"$25,657.27",2
Audi,Model C,2002,2.8,130016,Electric,Automatic,"$17,050.83",2
Toyota,Model A,2008,1.8,124288,Diesel,Manual,"$22,972.20",1
Ford,Model A,2005,1.4,168204,Diesel,Automatic,"$16,896.89",2
Toyota,Model B,2021,3.1,110573,Diesel,Manual,"$31,842.52",3
BMW,Model B,2020,3.7,120730,Diesel,Manual,"$28,803.37",3
Ford,Model B,2010,4.5,148933,Electric,Automatic,"$23,323.80",3
Honda,Model C,2015,3.7,64186,Electric,Manual,"$33,056.13",3
Audi,Model D,2018,3.8,4960,Petrol,Automatic,"$33,036.50",3
BMW,Model D,2004,3.2,18781,Diesel,Automatic,"$26,759.56",2
Ford,Model D,2013,4.5,31126,Petrol,Manual,"$34,981.69",3
Toyota,Model C,2016,3.2,153650,Electric,Automatic,"$25,463.90",3
Audi,Model C,2002,4,106034,Diesel,Automatic,"$25,038.45",2
Toyota,Model B,2003,4.3,17883,Electric,Manual,"$27,662.73",2
Ford,Model A,2015,4.3,29782,Petrol,Automatic,"$31,056.06",3
Ford,Model E,2015,2.3,56387,Electric,Automatic,"$29,029.00",1
BMW,Model E,2020,1.3,148051,Diesel,Manual,"$24,594.04",1
Honda,Model A,2003,1.6,33746,Diesel,Automatic,"$27,388.65",2
Toyota,Model B,2018,1.2,66266,Petrol,Automatic,"$25,196.48",1
BMW,Model A,2016,1.4,56,Diesel,Manual,"$29,293.51",1
Audi,Model A,2012,1.6,31457,Electric,Automatic,"$25,165.42",1
Honda,Model E,2021,2.2,133315,Electric,Automatic,"$26,949.28",1
BMW,Model B,2000,2.9,186103,Electric,Manual,"$15,129.25",2
Toyota,Model C,2011,3.5,132773,Electric,Automatic,"$23,116.75",3
Ford,Model E,2003,1.7,187453,Petrol,Automatic,"$15,463.83",2
Audi,Model C,2010,3.4,181510,Electric,Manual,"$21,296.21",3
Toyota,Model B,2004,3.5,73839,Petrol,Manual,"$26,999.02",2
Honda,Model A,2001,3,80636,Electric,Automatic,"$20,171.09",2
Honda,Model D,2016,4.2,107697,Petrol,Automatic,"$33,737.90",3
Ford,Model D,2007,1.4,66483,Electric,Manual,"$22,527.60",1
Ford,Model B,2005,1.6,20505,Electric,Automatic,"$26,217.42",2
Audi,Model D,2020,2.5,137625,Petrol,Automatic,"$27,349.66",1
Audi,Model C,2008,1.4,33525,Diesel,Automatic,"$22,562.44",1
Ford,Model D,2012,3,96008,Diesel,Manual,"$25,672.56",3
Ford,Model B,2010,2.4,44348,Diesel,Automatic,"$23,809.06",1
Honda,Model B,2015,2,7273,Petrol,Automatic,"$29,913.28",1
Ford,Model C,2015,1.6,64236,Diesel,Manual,"$26,832.39",1
BMW,Model D,2001,2.2,134607,Diesel,Manual,"$17,261.10",2
Toyota,Model D,2009,3.1,149749,Petrol,Manual,"$24,872.86",2
Ford,Model A,2011,3,107157,Diesel,Automatic,"$24,843.88",3
Audi,Model E,2007,1.6,908,Diesel,Automatic,"$21,866.61",1
BMW,Model B,2010,1.4,108352,Diesel,Manual,"$28,470.53",1
Audi,Model A,2009,1.1,95967,Petrol,Automatic,"$19,520.43",1
BMW,Model B,2012,1,88989,Petrol,Automatic,"$24,488.04",1
Ford,Model A,2016,4.1,35079,Diesel,Automatic,"$30,437.56",3
Toyota,Model E,2006,1.2,111889,Diesel,Automatic,"$19,295.97",1
Audi,Model A,2002,3.6,49323,Petrol,Manual,"$23,144.76",2
BMW,Model B,2019,4.1,176392,Diesel,Manual,"$22,235.13",3
Honda,Model D,2012,1.3,89909,Petrol,Automatic,"$22,538.93",1
Ford,Model B,2018,2.5,46105,Diesel,Manual,"$30,594.62",1
Toyota,Model C,2006,4.4,161236,Petrol,Automatic,"$22,300.43",3
Ford,Model C,2008,3.9,132957,Electric,Automatic,"$24,638.38",3
Honda,Model C,2018,2.7,188891,Electric,Manual,"$23,416.43",3
Toyota,Model C,2012,3.7,1049,Petrol,Manual,"$32,485.85",3
Honda,Model E,2021,3.9,53281,Electric,Automatic,"$34,976.17",3
Ford,Model D,2007,2.2,43271,Diesel,Automatic,"$24,666.09",2
BMW,Model D,2021,4.1,66697,Petrol,Automatic,"$34,023.60",3
Ford,Model B,2017,2.6,197423,Petrol,Automatic,"$21,041.54",3
Ford,Model A,2001,2.8,36534,Diesel,Manual,"$24,462.19",2
Ford,Model B,2017,4.5,93034,Diesel,Manual,"$31,282.31",3
Audi,Model B,2017,4,58097,Petrol,Automatic,"$31,867.50",3
Honda,Model B,2010,2.3,184885,Diesel,Automatic,"$20,380.34",1
Honda,Model B,2000,1,25037,Petrol,Manual,"$20,172.07",2
Honda,Model D,2013,3.2,167079,Diesel,Automatic,"$22,149.61",3
Audi,Model A,2015,3.5,27278,Petrol,Manual,"$34,637.42",3
BMW,Model B,2010,3.3,139344,Diesel,Automatic,"$21,254.35",3
Ford,Model D,2000,4.4,188255,Diesel,Manual,"$16,324.30",2
BMW,Model B,2006,4,99173,Electric,Automatic,"$26,378.06",2
Audi,Model C,2015,2.6,38294,Electric,Automatic,"$33,287.57",1
Honda,Model B,2013,1.2,73277,Electric,Automatic,"$23,081.35",1
Ford,Model B,2014,2.7,193581,Diesel,Manual,"$22,546.59",3
Toyota,Model E,2013,3.4,4694,Petrol,Manual,"$29,680.57",3
Toyota,Model C,2020,3.1,58150,Diesel,Automatic,"$30,434.53",3
BMW,Model A,2010,2.9,67470,Electric,Automatic,"$28,690.90",2
Honda,Model B,2015,2.6,21556,Diesel,Automatic,"$31,353.73",1
Toyota,Model A,2018,2,195543,Electric,Automatic,"$24,549.31",1
BMW,Model C,2016,2,180927,Electric,Manual,"$24,126.27",1
Audi,Model B,2005,2.8,49086,Petrol,Manual,"$20,466.60",2
BMW,Model E,2010,1.6,149979,Petrol,Manual,"$17,309.14",1
BMW,Model D,2016,2.2,179559,Electric,Automatic,"$22,971.00",1
BMW,Model E,2008,2.1,160230,Electric,Automatic,"$15,794.32",2
Ford,Model E,2017,3.1,151365,Diesel,Manual,"$24,023.14",3
BMW,Model D,2016,1.2,176833,Electric,Automatic,"$23,412.28",1
BMW,Model D,2011,3.9,99468,Diesel,Manual,"$26,243.47",3
Ford,Model D,2021,3,33387,Electric,Manual,"$35,251.25",3
Ford,Model B,2021,3.3,171822,Petrol,Manual,"$27,452.56",3
Audi,Model A,2004,3.5,68602,Petrol,Manual,"$23,210.03",2
Honda,Model A,2010,2,152328,Electric,Automatic,"$17,055.18",1
Toyota,Model D,2003,2.6,136666,Diesel,Manual,"$19,333.30",2
Toyota,Model E,2003,4.3,2460,Diesel,Automatic,"$31,886.21",2
BMW,Model C,2002,3.7,72356,Diesel,Manual,"$22,479.15",2
Audi,Model D,2016,4.4,54698,Electric,Manual,"$33,202.30",3
BMW,Model E,2006,3.6,101746,Electric,Manual,"$21,073.12",2
Toyota,Model E,2003,1.6,16191,Petrol,Manual,"$21,546.10",2
Ford,Model B,2012,1.2,84631,Petrol,Automatic,"$23,850.21",1
Honda,Model B,2011,3,10529,Electric,Automatic,"$31,460.98",2
Audi,Model A,2000,2.3,32175,Petrol,Automatic,"$23,103.15",2
Ford,Model A,2020,2,17675,Diesel,Automatic,"$28,053.15",1
Honda,Model C,2018,3.8,174230,Diesel,Manual,"$25,974.63",3
Audi,Model C,2020,2.3,46798,Electric,Automatic,"$29,325.54",1
Audi,Model C,2019,2.1,70910,Diesel,Automatic,"$28,536.44",1
Toyota,Model C,2017,4,130400,Electric,Manual,"$28,757.62",3
Ford,Model E,2010,4,157048,Diesel,Automatic,"$26,280.30",3
Audi,Model E,2019,2.2,194188,Electric,Automatic,"$23,781.07",1
Audi,Model A,2002,3.9,78678,Diesel,Automatic,"$26,701.76",2
Honda,Model B,2016,4,62821,Diesel,Automatic,"$30,459.93",3
Toyota,Model B,2011,2.5,12204,Petrol,Manual,"$26,055.65",1
BMW,Model D,2009,1.2,186737,Petrol,Manual,"$19,473.64",1
Toyota,Model E,2007,1,7394,Petrol,Automatic,"$24,997.21",1
BMW,Model C,2014,2.8,64814,Petrol,Manual,"$26,872.76",1
Ford,Model C,2004,2.2,33593,Petrol,Automatic,"$24,596.00",2
Ford,Model D,2003,4.5,173036,Petrol,Automatic,"$22,518.72",2
Audi,Model B,2020,3.7,115064,Electric,Automatic,"$30,885.18",3
Ford,Model C,2019,3.7,53365,Electric,Manual,"$31,773.68",3
Audi,Model B,2018,4.3,131515,Petrol,Manual,"$29,141.72",3
Toyota,Model D,2020,4.1,159252,Electric,Manual,"$29,818.64",3
Ford,Model B,2003,2.1,179863,Petrol,Manual,"$16,104.63",2
Toyota,Model B,2014,1.6,174737,Electric,Manual,"$22,887.67",1
Toyota,Model B,2016,3.6,103700,Diesel,Manual,"$28,463.18",3
Ford,Model C,2011,2.3,97077,Electric,Automatic,"$22,318.63",1
Toyota,Model A,2002,2.7,134537,Electric,Manual,"$23,827.26",2
Ford,Model E,2009,3.2,68247,Electric,Automatic,"$26,836.63",2
Ford,Model B,2014,4.2,182631,Diesel,Automatic,"$26,936.98",3
Ford,Model B,2009,2.5,156270,Petrol,Manual,"$21,730.20",2
BMW,Model B,2017,3.7,54740,Electric,Automatic,"$32,536.15",3
Toyota,Model A,2000,1.9,153560,Electric,Automatic,"$14,666.51",2
Honda,Model D,2002,3.4,169587,Diesel,Automatic,"$12,713.02",2
Ford,Model C,2020,1,27898,Petrol,Manual,"$27,478.66",1
Toyota,Model A,2011,4.1,132991,Electric,Manual,"$26,708.69",3
Audi,Model B,2000,1.1,181142,Diesel,Automatic,"$6,704.95",2
Ford,Model A,2002,3.5,62613,Petrol,Manual,"$24,012.59",2
Ford,Model A,2002,1.2,96707,Petrol,Automatic,"$18,887.11",2
Honda,Model A,2004,1.9,111777,Electric,Manual,"$20,877.71",2
BMW,Model D,2018,2.7,47003,Electric,Automatic,"$32,246.16",1
BMW,Model E,2000,2.5,48478,Electric,Automatic,"$23,492.88",2
Ford,Model C,2003,1.7,145506,Electric,Manual,"$19,835.92",2
Toyota,Model D,2003,2.2,177318,Diesel,Manual,"$18,226.34",2
Audi,Model D,2016,3.5,167721,Diesel,Manual,"$26,007.61",3
Audi,Model E,2013,3.3,59030,Electric,Manual,"$28,879.26",3
Toyota,Model D,2017,1.3,184133,Petrol,Manual,"$21,122.63",1
Ford,Model A,2000,3.6,133071,Electric,Automatic,"$18,995.45",2
Audi,Model A,2021,1.2,145921,Petrol,Automatic,"$26,839.11",1
BMW,Model B,2015,2.9,52800,Petrol,Automatic,"$30,804.20",3
Toyota,Model D,2002,1.9,5445,Petrol,Manual,"$22,765.60",2
Honda,Model B,2020,3.1,149112,Diesel,Manual,"$30,392.58",3
Ford,Model C,2008,1.9,195387,Petrol,Automatic,"$16,446.89",1
Toyota,Model A,2003,4.4,246,Petrol,Automatic,"$27,396.16",2
Audi,Model C,2020,2.1,31153,Diesel,Automatic,"$31,620.86",1
